,genre,m-genre
0,Space opera,Literary
1,Graphic novel,Anthology
2,Catastrophic literature,Catastrophic
3,Vampire fiction,Western fiction
4,Historical novel,Literary
5,English public-school stories,Western fiction
6,Fairy tale,Romance
7,Sociology,Sociology
8,Reference,History
9,Adventure,Adventure
10,Naval adventure,Adventure
11,Feminist science fiction,Western fiction
12,Supernatural,Spirituality
13,Play,Thriller
14,Religion,Spirituality
15,Anti-nuclear,Western fiction
16,Memoir,Autobiography
17,Fable,Thriller
18,Satire,Comedy
19,Paranormal romance,Romance
20,Urban fantasy,Fantasy
21,Spy fiction,Non fiction
22,Gay Themed,Young adult
23,Literary fiction,Literary
24,Popular science,Science
25,Space western,Western fiction
26,Literary criticism,Literary
27,Collage,Poetry
28,Police procedural,Drama
29,War novel,Western fiction
30,Personal journal,Autobiography
31,Social sciences,Science
32,Chick lit,Dark
33,Sports,Fantasy
34,Novella,Anthology
35,Ghost story,Mystery
36,Subterranean fiction,Western fiction
37,Steampunk,Adventure
38,Short story,Western fiction
39,Experimental literature,Poetry
40,Gothic fiction,Western fiction
41,Detective fiction,Western fiction
42,Drama,Drama
43,Low fantasy,Fantasy
44,Post-holocaust,Horror
45,Conspiracy,Conspiracy
46,Indian chick lit,Young adult
47,Cyberpunk,Literary
48,Utopian fiction,Western fiction
49,Historical fiction,Western fiction
50,Alternate history,History
51,Comics,Comic
52,Sea story,Western fiction
53,Biographical novel,Biography
54,Zombie,Horror
55,Comic book,Comic
56,Epistolary novel,Literary
57,Postmodernism,Literary
58,Historical whodunnit,Mystery
59,Creative nonfiction,Literary
60,Social commentary,Sociology
61,Business,Travel
62,Social criticism,Sociology
63,Boys ' school stories,Young adult
64,Gamebook,Fantasy
65,Black comedy,Comedy
66,Comic novel,Comic
67,Field guide,Adventure
68,Psychological novel,Thriller
69,Georgian romance,Romance
70,Social novel,Literary
71,Mathematics,Science
72,Coming age,Young adult
73,Soft science fiction,Science
74,Cozy,Dark
75,Utopian dystopian fiction,Western fiction
76,Colonial United States romance,Romance
77,Young adult literature,Young adult
78,Essay,Anthology
79,Politics,Sociology
80,Time travel,Travel
81,Foreign legion,Young adult
82,Autobiography,Autobiography
83,Scientific romance,Romance
84,Photography,Poetry
85,Biotechnology fiction,Non fiction
86,Anti-war,Conspiracy
87,Modernism,Literary
88,Inventor fiction,Non fiction
89,Literary theory,Literary
90,High fantasy,Fantasy
91,New Weird,Dark
92,Novel,Anthology
93,Afterlife fantasy,Fantasy
94,Western fiction,Western fiction
95,Adventure novel,Adventure
96,Autobiographical comics,Comic
97,Polemic,Biography
98,Mashup,Anthology
99,Campus novel,Literary
100,Nature,Non fiction
101,Role-playing game,Fantasy
102,Spirituality,Spirituality
103,Sword planet,Adventure
104,Fantasy,Fantasy
105,Comic fantasy,Comic
106,Parallel novel,Western fiction
107,Marketing,Sociology
108,Religious text,Spirituality
109,Crime Fiction,Non fiction
110,Education,Science
111,Military history,History
112,Economics,Sociology
113,Speculative fiction,Speculative
114,Hard science fiction,Science
115,Poetry,Poetry
116,History,History
117,Heroic fantasy,Fantasy
118,Horror,Horror
119,Albino bias,Western fiction
120,Apocalyptic post-apocalyptic fiction,Western fiction
121,Gay novel,Comic
122,Chivalric romance,Romance
123,Bildungsroman,Romance
124,Pornography,Young adult
125,Dying Earth subgenre,Horror
126,Absurdist fiction,Western fiction
127,Wuxia,Thriller
128,Bit Lit,Dark
129,Fictional crossover,Western fiction
130,Light novel,Literary
131,Zombies popular culture,Horror
132,Historical fantasy,Fantasy
133,Picture book,Biography
134,Fairytale fantasy,Fantasy
135,Inspirational,Spirituality
136,Biography,Biography
137,Metaphysics,Spirituality
138,Fiction,Non fiction
139,Future history,History
140,Serial,Comic
141,Sword sorcery,Fantasy
142,Techno-thriller,Thriller
143,Cookbook,Anthology
144,Contemporary fantasy,Fantasy
145,New York Times Best Seller list,History
146,Political philosophy,Science
147,Picaresque novel,Literary
148,Encyclopedia,Anthology
149,Anthropology,Sociology
150,Western,Western fiction
151,Historical romance,Romance
152,Suspense,Drama
153,Farce,Comedy
154,Conspiracy fiction,Conspiracy
155,Philosophy,Spirituality
156,Roman à clef,Literary
157,Alien invasion,Adventure
158,First-person narrative,Non fiction
159,Youth,Young adult
160,Non-fiction novel,Non fiction
161,Mystery,Mystery
162,Prose,Poetry
163,Children ' literature,Poetry
164,Lost World,History
165,Popular culture,History
166,Travel,Travel
167,Psychology,Sociology
168,Science,Science
169,Social science fiction,Science
170,Non-fiction,Non fiction
171,Whodunit,Mystery
172,Treatise,Biography
173,cyberpunk,Literary
174,Self-help,Young adult
175,Military science fiction,Science
176,Epic Science Fiction Fantasy,Fantasy
177,Literary realism,Literary
178,Prose poetry,Poetry
179,True crime,Non fiction
180,Fantasy manners,Fantasy
181,Superhero fiction,Non fiction
182,Pastiche,Comic
183,LGBT literature,Poetry
184,Neuroscience,Science
185,American Gothic Fiction,Western fiction
186,Medieval romance,Romance
187,Industrial novel,Literary
188,Romance novel,Romance
189,Existentialism,Spirituality
190,Comedy,Comedy
191,Comedy manners,Comedy
192,Computer Science,Science
193,Transhumanism,Science
194,Comic science fiction,Comic
195,Thriller,Thriller
196,Planetary romance,Romance
197,Cabal,Conspiracy
198,Dystopia,Horror
199,Fantastique,Romance
200,Hardboiled,Thriller
201,Anthology,Anthology
202,Transgender transsexual fiction,Non fiction
203,Juvenile fantasy,Fantasy
204,Regency romance,Romance
205,Urban fiction,Western fiction
206,Travel literature,Travel
207,Humor,Comic
208,Locked room mystery,Mystery
209,Parody,Comic
210,Dark fantasy,Fantasy
211,Morality play,Spirituality
212,Music,Poetry
213,Human extinction,Catastrophic
214,Romantic comedy,Comedy
215,Autobiographical novel,Autobiography
216,School story,Drama
217,Magic realism,Romance
218,Invasion literature,Literary
219,Science fantasy,Fantasy
220,Erotica,Western fiction
221,Science Fiction,Science
222,Tragicomedy,Drama
