,genre,m-genre
0,blues,"[['Romance', 'Dark', 'Spirituality', 'Comedy', 'Poetry']]"
1,classical,"[['Sociology', 'Western fiction', 'Spirituality', 'Literary', 'Poetry']]"
2,country,"[['Catastrophic', 'Young adult', 'Travel', 'Western fiction', 'History']]"
3,disco,"[['Poetry', 'Young adult', 'Romance', 'Horror', 'Comedy']]"
4,hiphop,"[['Anthology', 'Literary', 'Comic', 'Poetry', 'Comedy']]"
5,jazz,"[['Anthology', 'Spirituality', 'Comedy', 'Literary', 'Poetry']]"
6,metal,"[['Horror', 'Young adult', 'Western fiction', 'Dark', 'Speculative']]"
7,pop,"[['Fantasy', 'Literary', 'Romance', 'Comic', 'Comedy']]"
8,raggae,"[['Comedy', 'Anthology', 'Literary', 'Spirituality', 'Poetry']]"
9,rock,"[['Poetry', 'Western fiction', 'Literary', 'Comic', 'Comedy']]"
